{"type": "robust", "center_": [0.0019444804638624191, 1.8199999332427979, 7658.294921875, 7658.1943359375, 0.027722831815481186, -8058912.0, 1.0, 53.90110778808594, 5.544717788696289, 4.989096164703369, 1.0268014669418335, 3.0, 6780855296.0, 0.96673583984375, 7614.05712890625, 7787.201171875, 0.0034968280233442783, 0.006233508698642254, 0.01412929780781269, 0.027136988937854767, 0.010945199057459831, 0.02026301622390747, 0.004002362489700317, 0.005739891901612282, 2.0, 0.0, 0.0, 0.10558703541755676, 0.17623350024223328, 1.0268014669418335, 0.07694396376609802, 0.21278275549411774, 0.5845820903778076, 0.5841352939605713, -0.009643670171499252, 0.9513564109802246, 0.0, 0.0, 0.022406496107578278, 0.10099643468856812, 0.2169269621372223, 0.5671194791793823, 0.0, 0.27314186096191406, 1.0, -0.1326458752155304, 358745344.0, 0.0019162093522027135, 0.0019162093522027135, 0.0019162093522027135, 0.0019162093522027135, 0.0019162093522027135, 0.0019444804638624191, 0.0019444804638624191, 53.86872863769531, 0.027722831815481186, 53.86872863769531, 0.02774195745587349, 53.86872863769531, 0.027778208255767822, 0.005530057940632105, 0.007839989848434925, 0.014179330319166183, 0.024271313101053238, 0.03344251960515976, 0.6023516058921814, 0.03230651840567589, -0.02701975777745247, 2.547180414199829, 6.0, 26.0, 0.0, 0.0, 0.0, 2.0, 1.0, 0.0], "scale_": [0.030766974901780486, 186.77145957946777, 18205.069869995117, 18294.86247253418, 0.023152755573391914, 1832943264.0, 1.0, 26.74273681640625, 340.5549545288086, 341.4558506011963, 86.17050457000732, 4.0, 27009888352.0, 0.3061784356832504, 18271.212127685547, 17763.80096435547, 0.0490286685526371, 0.08045993326231837, 0.1376333562657237, 0.237518223002553, 0.11305461544543505, 0.1794725675135851, 0.04082058067433536, 0.04507523076608777, 2.0, 1.0, 1.0, 7.2523685693740845, 14.092844605445862, 86.17050457000732, 18.98829221725464, 36.273154735565186, 0.7308562323451042, 0.7307777479290962, 1.2316916733980179, 0.43017761409282684, 1.0, 1.0, 0.01579770166426897, 1.4281418025493622, 0.1935071460902691, 0.5262250974774361, 1.0, 0.31775975599884987, 1.0, 1.2687240689992905, 27745558784.0, 0.03066604142077267, 0.03066604142077267, 0.030782858608290553, 0.030790089396759868, 0.030790089396759868, 0.030845325207337737, 0.03085255599580705, 26.747427940368652, 0.023152755573391914, 26.747427940368652, 0.02316857874393463, 26.747427940368652, 0.02318213228136301, 0.06430928036570549, 0.08658711984753609, 0.12840406969189644, 0.21168638579547405, 1.2705502808094025, 2.585593894124031, 0.038581721018999815, 0.03929420653730631, 0.8517818450927734, 6.0, 26.0, 1.0, 1.0, 1.0, 1.0, 1.0, 1.0], "feature_names": ["returns", "price_diff", "ma7", "ma30", "volatility", "volume_change", "correlation", "rsi", "macd", "macd_signal", "macd_histogram", "day_of_week", "volume_ma7", "relative_volume", "ma14", "ma60", "price_vs_ma7", "price_vs_ma14", "price_vs_ma30", "price_vs_ma60", "ma7_vs_ma30", "ma14_vs_ma60", "ma7_slope", "ma30_slope", "rsi_zone", "rsi_oversold", "rsi_overbought", "rsi_change", "rsi_change3", "macd_cross", "macd_hist_d1", "macd_hist_d2", "stoch_k", "stoch_k_lag1", "vol_zscore", "vol_ratio", "high_vol", "low_vol", "atr_pct", "close_vs_atr", "bb_width", "bb_pct", "bb_squeeze", "adx_proxy", "trending", "vol_z14", "obv_slope", "ret_lag1", "ret_lag2", "ret_lag3", "ret_lag4", "ret_lag5", "ret_lag6", "ret_lag7", "rsi_lag1", "vol_lag1", "rsi_lag3", "vol_lag3", "rsi_lag5", "vol_lag5", "cum_ret3", "cum_ret5", "cum_ret10", "cum_ret20", "skew10", "kurt10", "max_ret5", "min_ret5", "range_r", "month", "weekofyr", "is_monend", "is_monday", "is_friday", "consec_up", "consec_dn", "rev_setup"], "selected_idx": [73, 76, 42, 37, 44, 11, 26, 24, 72, 36, 43, 59, 2, 75, 74, 56, 25, 14, 69, 15, 32, 41, 57, 55, 7, 8, 3, 20, 21, 53, 18, 61, 54, 0, 9], "selected_names": ["is_friday", "rev_setup", "bb_squeeze", "low_vol", "trending", "day_of_week", "rsi_overbought", "rsi_zone", "is_monday", "high_vol", "adx_proxy", "vol_lag5", "ma7", "consec_dn", "consec_up", "rsi_lag3", "rsi_oversold", "ma14", "month", "ma60", "stoch_k", "bb_pct", "vol_lag3", "vol_lag1", "rsi", "macd", "ma30", "ma7_vs_ma30", "ma14_vs_ma60", "ret_lag7", "price_vs_ma30", "cum_ret5", "rsi_lag1", "returns", "macd_signal"]}