{"coef": [[5.637198679276634, -2.425636529127341, -3.211714459411448], [-2.8812783920977476, 5.16093164895857, -2.279779607948631], [-2.7559202871788866, -2.735295119831232, 5.491494067360078]], "intercept": [-0.30257610032251153, 0.045103671839075085, 0.25747242848345936], "classes": [0, 1, 2]}