{"coef": [[5.7360299868321665, -2.3928420873716387, -3.364978861852363], [-2.408141885616674, 4.831932332497759, -2.397139775081297], [-3.3278881012155006, -2.4390902451261223, 5.7621186369336606]], "intercept": [-0.020443349020917257, 0.007182391393189777, 0.013260957627716854], "classes": [0, 1, 2]}