{"type": "robust", "center_": [0.0008586043259128928, 0.01631585694849491, 290.0552062988281, 283.8977355957031, 0.04175743833184242, -356057.75, 0.8183033466339111, 52.75585174560547, 0.3117029666900635, 0.3118254542350769, 0.040619757026433945, 3.0, 6410288128.0, 0.9560586214065552, 285.73675537109375, 266.88775634765625, 0.0042963456362485886, 0.00874239206314087, 0.019405614584684372, 0.03394714742898941, 0.01086522452533245, 0.025132279843091965, 0.005145021714270115, 0.006613998673856258, 2.0, 0.0, 0.0, 0.1596820205450058, 0.015909969806671143, 0.040619757026433945, 0.0025161816738545895, 0.005413584876805544, 0.5741661787033081, 0.5741661787033081, -0.05096090957522392, 0.9789105653762817, 0.0, 0.0, 0.033943548798561096, 0.026707684621214867, 0.315152108669281, 0.5534638166427612, 0.0, 0.2846025824546814, 1.0, -0.15088361501693726, 990096.0625, 0.0009472896344959736, 0.0008586043259128928, 0.0008586043259128928, 0.0008586043259128928, 0.0008094725199043751, 0.0008094725199043751, 0.0007858715252950788, 52.75585174560547, 0.04175743833184242, 52.75585174560547, 0.041775185614824295, 52.76319122314453, 0.04178564250469208, 0.005131197161972523, 0.009219713509082794, 0.017987661063671112, 0.022483104839920998, 0.14969943463802338, 0.21973635256290436, 0.049204833805561066, -0.04123232141137123, 2.539977550506592, 7.0, 27.0, 0.0, 0.0, 0.0, 2.0, 1.0, 0.0], "scale_": [0.05159337818622589, 14.151875853538513, 1203.359878540039, 1234.2945499420166, 0.03062329813838005, 1044454968.0, 0.45692620426416397, 28.39259910583496, 24.147818326950073, 23.985220670700073, 5.936431527137756, 4.0, 14035438080.0, 0.35039013624191284, 1201.3438911437988, 1242.5802421569824, 0.07435689587146044, 0.12331739626824856, 0.22608277015388012, 0.34010507352650166, 0.17997189797461033, 0.27622666396200657, 0.06542995385825634, 0.07347091240808368, 2.0, 1.0, 1.0, 7.705694735050201, 14.257118940353394, 5.936431527137756, 1.3657735884189606, 2.5831034183502197, 0.7156210355460644, 0.7156210355460644, 1.2836946696043015, 0.48259589076042175, 1.0, 1.0, 0.02198125747963786, 1.5121004730463028, 0.2743228077888489, 0.5350011587142944, 1.0, 0.2980507053434849, 1.0, 1.3760672211647034, 15343342976.0, 0.05159337818622589, 0.05165555374696851, 0.05178224667906761, 0.05179723119363189, 0.05179723119363189, 0.05178224667906761, 0.05179723119363189, 28.400020599365234, 0.030599891673773527, 28.400020599365234, 0.030617442447692156, 28.400020599365234, 0.03066681558266282, 0.09400724899023771, 0.13153846934437752, 0.2084687165915966, 0.3483970928937197, 1.1595712527632713, 2.2398146092891693, 0.05841600801795721, 0.05002392828464508, 0.7663103938102722, 7.0, 27.0, 1.0, 1.0, 1.0, 1.0, 1.0, 1.0], "feature_names": ["returns", "price_diff", "ma7", "ma30", "volatility", "volume_change", "correlation", "rsi", "macd", "macd_signal", "macd_histogram", "day_of_week", "volume_ma7", "relative_volume", "ma14", "ma60", "price_vs_ma7", "price_vs_ma14", "price_vs_ma30", "price_vs_ma60", "ma7_vs_ma30", "ma14_vs_ma60", "ma7_slope", "ma30_slope", "rsi_zone", "rsi_oversold", "rsi_overbought", "rsi_change", "rsi_change3", "macd_cross", "macd_hist_d1", "macd_hist_d2", "stoch_k", "stoch_k_lag1", "vol_zscore", "vol_ratio", "high_vol", "low_vol", "atr_pct", "close_vs_atr", "bb_width", "bb_pct", "bb_squeeze", "adx_proxy", "trending", "vol_z14", "obv_slope", "ret_lag1", "ret_lag2", "ret_lag3", "ret_lag4", "ret_lag5", "ret_lag6", "ret_lag7", "rsi_lag1", "vol_lag1", "rsi_lag3", "vol_lag3", "rsi_lag5", "vol_lag5", "cum_ret3", "cum_ret5", "cum_ret10", "cum_ret20", "skew10", "kurt10", "max_ret5", "min_ret5", "range_r", "month", "weekofyr", "is_monend", "is_monday", "is_friday", "consec_up", "consec_dn", "rev_setup"], "selected_idx": [42, 76, 72, 41, 11, 60, 32, 13, 46, 57, 59, 73, 29, 75, 14, 33, 47, 45, 43, 39, 61, 28, 38, 16, 40, 54, 10, 74, 55, 22, 62, 31, 66, 36, 34], "selected_names": ["bb_squeeze", "rev_setup", "is_monday", "bb_pct", "day_of_week", "cum_ret3", "stoch_k", "relative_volume", "obv_slope", "vol_lag3", "vol_lag5", "is_friday", "macd_cross", "consec_dn", "ma14", "stoch_k_lag1", "ret_lag1", "vol_z14", "adx_proxy", "close_vs_atr", "cum_ret5", "rsi_change3", "atr_pct", "price_vs_ma7", "bb_width", "rsi_lag1", "macd_histogram", "consec_up", "vol_lag1", "ma7_slope", "cum_ret10", "macd_hist_d2", "max_ret5", "high_vol", "vol_zscore"]}