{"type": "robust", "center_": [0.0008586043259128928, 0.01631585694849491, 290.0552062988281, 283.8977355957031, 0.04175743833184242, -356057.75, 0.8183033466339111, 52.75585174560547, 0.3117029666900635, 0.3118254542350769, 0.040619757026433945, 3.0, 6410288128.0, 0.9560586214065552, 0.0, 0.0, 0.0, 0.0, 1.0, 0.0, 0.0, 0.0, 0.0, 0.0, 0.0, 0.0, 0.0, 0.0, 0.0, 0.0, 0.0, 0.0, 0.0, 0.0, 0.0, 0.0, 0.0, 0.0, 0.0, 0.0, 285.73675537109375, 266.88775634765625, 0.0042963456362485886, 0.00874239206314087, 0.019405614584684372, 0.03394714742898941, 0.01086522452533245, 0.025132279843091965, 0.005145021714270115, 0.006613998673856258, 2.0, 0.0, 0.0, 0.1596820205450058, 0.015909969806671143, 0.040619757026433945, 0.0025161816738545895, 0.005413584876805544, 0.5741661787033081, 0.5741661787033081, -0.05096090957522392, 0.9789105653762817, 0.0, 0.0, 0.033943548798561096, 0.026707684621214867, 0.315152108669281, 0.5534638166427612, 0.0, 0.2846025824546814, 1.0, -0.15088361501693726, 990096.0625, 0.0009472896344959736, 0.0008586043259128928, 0.0008586043259128928, 0.0008586043259128928, 0.0008094725199043751, 0.0008094725199043751, 0.0007858715252950788, 52.75585174560547, 0.04175743833184242, 52.75585174560547, 0.041775185614824295, 52.76319122314453, 0.04178564250469208, 0.005131197161972523, 0.009219713509082794, 0.017987661063671112, 0.022483104839920998, 0.14969943463802338, 0.21973635256290436, 0.049204833805561066, -0.04123232141137123, 2.539977550506592, 7.0, 27.0, 0.0, 0.0, 0.0, 2.0, 1.0, 0.0], "scale_": [0.05159337818622589, 14.151875853538513, 1203.359878540039, 1234.2945499420166, 0.03062329813838005, 1044454968.0, 0.45692620426416397, 28.39259910583496, 24.147818326950073, 23.985220670700073, 5.936431527137756, 4.0, 14035438080.0, 0.35039013624191284, 1.0, 1.0, 1.0, 1.0, 1.0, 1.0, 1.0, 1.0, 1.0, 1.0, 1.0, 1.0, 1.0, 1.0, 1.0, 1.0, 1.0, 1.0, 1.0, 1.0, 1.0, 1.0, 1.0, 1.0, 1.0, 1.0, 1201.3438911437988, 1242.5802421569824, 0.07435689587146044, 0.12331739626824856, 0.22608277015388012, 0.34010507352650166, 0.17997189797461033, 0.27622666396200657, 0.06542995385825634, 0.07347091240808368, 2.0, 1.0, 1.0, 7.705694735050201, 14.257118940353394, 5.936431527137756, 1.3657735884189606, 2.5831034183502197, 0.7156210355460644, 0.7156210355460644, 1.2836946696043015, 0.48259589076042175, 1.0, 1.0, 0.02198125747963786, 1.5121004730463028, 0.2743228077888489, 0.5350011587142944, 1.0, 0.2980507053434849, 1.0, 1.3760672211647034, 15343342976.0, 0.05159337818622589, 0.05165555374696851, 0.05178224667906761, 0.05179723119363189, 0.05179723119363189, 0.05178224667906761, 0.05179723119363189, 28.400020599365234, 0.030599891673773527, 28.400020599365234, 0.030617442447692156, 28.400020599365234, 0.03066681558266282, 0.09400724899023771, 0.13153846934437752, 0.2084687165915966, 0.3483970928937197, 1.1595712527632713, 2.2398146092891693, 0.05841600801795721, 0.05002392828464508, 0.7663103938102722, 7.0, 27.0, 1.0, 1.0, 1.0, 1.0, 1.0, 1.0], "feature_names": ["returns", "price_diff", "ma7", "ma30", "volatility", "volume_change", "correlation", "rsi", "macd", "macd_signal", "macd_histogram", "day_of_week", "volume_ma7", "relative_volume", "news_count", "sentiment_score", "sentiment_positive", "sentiment_negative", "sentiment_neutral", "sentiment_std", "sentiment_max", "sentiment_min", "sent_ma3", "sent_ma7", "sent_trend", "sent_d1", "sent_d2", "sent_accel", "news_vel1", "news_ma7", "news_burst", "sent_regime", "sent_overbought", "sent_oversold", "sent_lag1", "sent_lag2", "sent_lag3", "sent_lag1_diff", "bull_bear_ratio", "news_price_divergence", "ma14", "ma60", "price_vs_ma7", "price_vs_ma14", "price_vs_ma30", "price_vs_ma60", "ma7_vs_ma30", "ma14_vs_ma60", "ma7_slope", "ma30_slope", "rsi_zone", "rsi_oversold", "rsi_overbought", "rsi_change", "rsi_change3", "macd_cross", "macd_hist_d1", "macd_hist_d2", "stoch_k", "stoch_k_lag1", "vol_zscore", "vol_ratio", "high_vol", "low_vol", "atr_pct", "close_vs_atr", "bb_width", "bb_pct", "bb_squeeze", "adx_proxy", "trending", "vol_z14", "obv_slope", "ret_lag1", "ret_lag2", "ret_lag3", "ret_lag4", "ret_lag5", "ret_lag6", "ret_lag7", "rsi_lag1", "vol_lag1", "rsi_lag3", "vol_lag3", "rsi_lag5", "vol_lag5", "cum_ret3", "cum_ret5", "cum_ret10", "cum_ret20", "skew10", "kurt10", "max_ret5", "min_ret5", "range_r", "month", "weekofyr", "is_monend", "is_monday", "is_friday", "consec_up", "consec_dn", "rev_setup"], "selected_idx": [98, 68, 52, 102, 67, 11, 13, 69, 86, 72, 62, 43, 65, 80, 42, 57, 85, 41, 58, 0, 100, 97, 59, 10, 83, 99, 73, 44, 48, 76, 40, 6, 64, 54, 101, 75, 71, 5, 87, 3], "selected_names": ["is_monday", "bb_squeeze", "rsi_overbought", "rev_setup", "bb_pct", "day_of_week", "relative_volume", "adx_proxy", "cum_ret3", "obv_slope", "high_vol", "price_vs_ma14", "close_vs_atr", "rsi_lag1", "price_vs_ma7", "macd_hist_d2", "vol_lag5", "ma60", "stoch_k", "returns", "consec_up", "is_monend", "stoch_k_lag1", "macd_histogram", "vol_lag3", "is_friday", "ret_lag1", "price_vs_ma30", "ma7_slope", "ret_lag4", "ma14", "correlation", "atr_pct", "rsi_change3", "consec_dn", "ret_lag3", "vol_z14", "volume_change", "cum_ret5", "ma30"]}